company,segment,country,public_signal,source_url,confidence,notes
Microsoft,1,US,"Founding member of Neurodiversity @ Work Employer Roundtable (2017); neurodiversity hiring program since 2015","https://www.hcamag.com/us/specialization/diversity-inclusion/google-microsoft-wells-fargo-among-companies-focusing-on-neurodiversity/403800",high,"Reference case; likely in-house capacity and long cycle. Study, do not lead with."
SAP,1,Germany,"Founding Roundtable member; Autism at Work program launched 2013; neurodiversity ERG","https://askearn.org/page/neurodiversity-work-employer-roundtable",medium,"Reference case. Roundtable page not fetched directly (proxy block); membership taken from search summary of that page. Verify on click-through."
JPMorgan Chase,1,US,"Founding Roundtable member; Neurodiversity Hiring Program since 2015; neurodiversity hub combining ERG and recruiting","https://askearn.org/page/neurodiversity-work-employer-roundtable",medium,"Reference case. Do not cite its 48%/92% productivity figures (vendor-style marketing, unverified). Verify membership on click-through."
EY,1,Global (UK HQ),"Founding Roundtable member; Neurodiversity Centers of Excellence and neurodiversity ERG","https://askearn.org/page/neurodiversity-work-employer-roundtable",medium,"Reference case; also professional-services employer with large manager population. Verify membership on click-through."
Ford Motor Company,1,US,"Founding Roundtable member; FordWorks autism hiring initiative","https://askearn.org/page/neurodiversity-work-employer-roundtable",medium,"Reference case. Manufacturing manager population is a distinct use case. Verify on click-through."
DXC Technology,1,US,"Founding Roundtable member (2017); neurodiversity hiring program","https://askearn.org/page/neurodiversity-work-employer-roundtable",medium,"IT services; mid-to-large. Verify on click-through."
Dell Technologies,1,US,"Neurodiversity@Dell: skills-based hiring, internships and career-readiness training; joined Roundtable in 2019","https://www.hcamag.com/us/specialization/diversity-inclusion/dell-manager-how-tech-giant-recruits-and-supports-neurodivergent-talent/405669",high,"Trade-press article quotes a Dell manager on recruiting and supporting neurodivergent talent: manager-readiness angle. Large; long cycle."
HP Inc.,1,US,"Roundtable member; Spectrum Success Program (neurodiversity hiring and retention initiatives)","https://askearn.org/page/neurodiversity-work-employer-roundtable",medium,"Spectrum Success Program detail is from a secondary search summary; unverified at source. Retention component fits manager-training pitch."
Google,1,US,"Google Cloud Autism Career Program (announced April 2021); Roundtable member","https://www.hcamag.com/us/specialization/diversity-inclusion/google-microsoft-wells-fargo-among-companies-focusing-on-neurodiversity/403800",high,"Reference case; likely builds in-house."
Salesforce,1,US,"Roundtable member; Autism@Work hiring program with Specialisterne since 2019; also scored 100 on 2025 Disability Index (7th year)","https://www.salesforce.com/news/stories/best-places-to-work-disability-2025/",high,"Disability Index score is from the company page (high). Neurodiversity program detail is secondary. Also fits segment 2."
Qualcomm,1,US,"Joined Neurodiversity @ Work Employer Roundtable","https://askearn.org/page/neurodiversity-work-employer-roundtable",medium,"Program depth unverified; check careers page before outreach planning."
Wells Fargo,1,US,"Cited as a company focusing on neurodiversity; Roundtable member","https://www.hcamag.com/us/specialization/diversity-inclusion/google-microsoft-wells-fargo-among-companies-focusing-on-neurodiversity/403800",high,"Large bank; manager population large."
Freddie Mac,1,US,"Autism Internship Program with ASAN since 2012; 21 interns total with 9 hired full-time (per source); Roundtable member","https://askearn.org/page/neurodiversity-hiring-initiatives-and-partnerships",medium,"Internship-to-hire pipeline implies new-hire cohorts reaching 6-12 months (trigger event per icp.md)."
Travelers,1,US,"Roundtable member since 2018; repeat top scorer on Disability Equality Index; ERGs and specialised programming","https://askearn.org/page/neurodiversity-hiring-initiatives-and-partnerships",medium,"Insurance; also plausible segment 2 owner (accommodations). Verify on click-through."
Johnson & Johnson,1,US,"Access Ability program for applicants who identify as autistic, neurodivergent or disabled","https://www.careers.jnj.com/access-ability",high,"Company careers page. Roundtable member per secondary list. Very large; reference case."
Goldman Sachs,1,US,"Neurodiversity Hiring Initiative launched 2019","https://careerlaunchpad.arcadia.edu/blog/2022/04/18/explore-companies-with-neurodiversity-hiring-initiatives/",low,"Secondary university-careers blog, 2022. Find primary company page before use."
Lloyds Banking Group,1,UK,"Group-wide 'This is Me' disability and neurodiversity upskill programme for colleagues and line managers (Sept 2024); e-module plus facilitated manager workshops","https://businessdisabilityforum.org.uk/resource/lloyds-banking-group-disability-and-neuro-inclusion-training-module/",high,"COMPETITIVE SUBSTITUTE: source says Lloyds made its module available free to other organisations. Use as benchmark; UK is secondary market (ADA framing does not apply)."
Barclays,1,UK,"Neurodiversity-inclusive strategy in its Disability Confident white paper; neurodiversity/disability ERG (Reach)","https://home.barclays/content/dam/home-barclays/documents/who-we-are/our-strategy/DandI/IBIM10760_Disability%20Confident%20white%20paper.pdf",high,"Company-published PDF. UK is secondary market. ERG name from search summary."
Telstra,1,Australia,"Neurodiversity hiring pilot (eight roles) with Specialisterne","https://www.itnews.com.au/news/telstra-pilots-its-first-neurodiversity-recruitment-program-559615",medium,"Pilot date and current status unverified. Specialisterne Australia reportedly closed 30 Nov 2025, so program continuity unclear. Secondary market."
Westpac,1,Australia,"Tailored Talent program (neurodiverse hiring) since 2017 with Specialisterne","https://www.westpac.com.au/news/making-news/2020/09/blown-away-boosting-neurodiverse-ranks/",medium,"Source dated 2020; current status unverified; delivery partner reportedly closed Nov 2025. Secondary market."
Uplight,1,US,"Internal NEUROdiversity ERG for employees who are neurodivergent (incl. ADHD, autism, dyslexia)","https://uplight.com/blog/inside-uplights-neurodiversity-employee-resource-group/",high,"Company blog. Headcount unverified; likely mid-size (fits 1,000-10,000 test band). Strong ICP-shape candidate."
Ubisoft,1,France,"Neurodiversity ERG formed in 2020; Roundtable member","https://askearn.org/page/neurodiversity-work-employer-roundtable",medium,"ERG formation date from secondary search summary. Games studio; many managers across countries."
SAS,1,US,"Roundtable member","https://askearn.org/page/neurodiversity-work-employer-roundtable",medium,"Software firm; mid-large. Program details unverified; check SAS careers site."
Biogen,1,US,"Roundtable member","https://askearn.org/page/neurodiversity-work-employer-roundtable",medium,"Biotech; mid-size. Program details unverified."
Hearst,1,US,"Roundtable member","https://askearn.org/page/neurodiversity-work-employer-roundtable",medium,"Media; mid-large. Program details unverified."
Prudential Financial,1,US,"Roundtable member","https://askearn.org/page/neurodiversity-work-employer-roundtable",medium,"Insurance; program details unverified."
Principal Financial Group,2,US,"Top score of 100 on 2025 Disability Equality Index (6th consecutive year)","https://www.principal.com/about-us/news-room/news-releases/2025-best-place-work-disability-inclusion",high,"Disability Index score is a proxy for a formal accommodations function. Budget owner: hypothesis (Employee Relations / Accommodations)."
Baker McKenzie,2,Global,"Named 2025 Best Place to Work for Disability Inclusion","https://www.bakermckenzie.com/en/newsroom/2025/07/2025-best-place-to-work-for-disability-inclusion",high,"Law firm; Legal-literate buyers will scrutinise compliance wording."
Mercy,2,US,"Top score on 2025 Disability Equality Index; Best Place to Work for Disability Inclusion","https://www.mercy.net/newsroom/2025-07-29/mercy-named-a-best-place-to-work-for-disability-inclusion/",high,"Health system; large manager population. Clinical-sounding claims must be avoided in pitch."
Children's Hospital of Philadelphia,2,US,"Top scorer on 2025 Disability Equality Index (7th year in a row)","https://www.chop.edu/news/2025-disability-equality-index-names-childrens-hospital-philadelphia-best-place-work",high,"Health system; same caution on clinical language."
Land O'Lakes,2,US,"Top score on Disability Equality Index (company careers blog)","https://careers.landolakesinc.com/us/en/blogarticle/top-score-on-disability-equality-index",medium,"Year of score unverified."
Gartner,2,US,"Named a Best Place to Work for Disability Inclusion by the Disability Equality Index","https://jobs.gartner.com/life-at-gartner/inclusion/gartner-named-a-best-place-to-work-for-disability-inclusion-by-the-disability-equality-index/",medium,"Year unverified (check page)."
Lenovo,2,Global,"Top score as Best Place to Work for Disability Inclusion","https://csrwire.com/press-release/lenovo-receives-top-score-best-place-work-disability-inclusion/",medium,"Year unverified. US-registered ADA scope limited to its US workforce."
Wesco,2,US,"Named Best Place to Work for Disability Inclusion","https://csrwire.com/press-release/wesco-named-best-place-work-disability-inclusion/",medium,"Year unverified. Distribution business; frontline manager population."
Aramark,2,US,"Scored 100% on Disability Equality Index; Best Place to Work for Disability Inclusion","https://aramark.gcs-web.com/news-releases/news-release-details/aramark-named-one-best-places-work-disability-inclusion-scores",medium,"Year unverified. Very large frontline workforce; manager-training scale is high."
Acxiom,2,US,"Score of 100 on 2025 Disability Index; third time named Best Place to Work for Disability Inclusion","https://www.acxiom.com/news/disability-inclusion-2025/",high,"Likely mid-size (headcount unverified); good ICP-size candidate."
Brown University (HR / staff accommodations),2,US,"Public posting for a Leave and Accommodation Manager who is lead resource for managers, HRBPs and employees on leaves and accommodations","https://www.indeed.com/q-ada-accommodation-manager-jobs.html",medium,"Employer-side buyer (HR), not student services. Aggregator listing; posting may have expired. Salary figure ignored."
University of Massachusetts Amherst (HR / staff accommodations),2,US,"Public posting for an Employee Accommodations Manager overseeing case managers and ADA accommodation cases","https://www.higheredjobs.com/admin/details.cfm?JobCode=179415596",medium,"Employer-side buyer (HR). Posting may have expired. Also a segment 3 account via faculty development."
Western Washington University,3,US,"Faculty and staff workshop on teaching neurodivergent students, run by Disability Access Center staff","https://thecenters.wwu.edu/workshop-faculty-and-staff-meeting-diverse-minds-practical-approaches-teaching-neurodivergent-0",high,"Workshop exists = proven demand for faculty training; likely buyer: Disability Access Center / teaching centre."
University of Pittsburgh,3,US,"Center for Teaching and Learning series on neurodiversity and neuroinclusive pedagogy","https://www.utimes.pitt.edu/news/collaborative-series",high,"Faculty development buyer. Series date unverified."
Merrimack College,3,US,"Neurodiversity workshop for educators","https://www.merrimack.edu/neurodiversity-workshop/",medium,"Small institution; low budget. Workshop date unverified."
California State University Chico,3,US,"Faculty Development teaching guide on neurodiversity and higher education","https://www.csuchico.edu/fdev/fdev-teaching-guides/teachingguide-42.shtml",high,"Faculty development center; resource-guide level signal only."
California State University Fullerton,3,US,"Faculty Development Center 'Supporting Neurodivergent Students' certificate (NeuroPREP: autism and ADHD faculty training)","https://fdc.fullerton.edu/workshops/certificates-and-badges/supporting-neurodivergent-students.html",high,"Structured faculty training already exists; strong pilot-site candidate (ADHD included)."
University of Oregon,3,US,"Teaching Engagement accessible and inclusive teaching workshops (2022)","https://teaching.uoregon.edu/accessible-and-inclusive-teaching-workshops-2022",medium,"Signal is 2022; confirm still active."
University of Louisville,3,US,"Disability Resource Center neurodivergence specialist; workshops; works with students, faculty and staff","https://student.louisville.edu/disability-resource-center/resources/neurodivergence-support",high,"Disability Resources director as likely buyer."
Molloy University,3,US,"Center for Neurodiversity housing programs and resources for neurodivergent students","https://www.molloy.edu/academics/additional-programs/continuing-education/personal-enrichment/center-for-neurodiversity/",medium,"Student-facing centre; faculty-training angle unverified."
Stanford University,3,US,"Center for Teaching and Learning neurodiversity resources and neurodiversity-focused group academic coaching","https://ctl.stanford.edu/students/neurodiversity/neurodiversity-resources",high,"Student coaching signal, not faculty training; elite site, strong reference value if reachable."
Yale University,3,US,"Poorvu Center disability and neurodiversity support; peer-mentor discussion groups for ADHD and autism","https://poorvucenter.yale.edu/learning/disability-neurodiversity-support",high,"Teaching centre; reference value."
Bellevue College,3,US,"Neurodiversity Navigators program with specialised courses and peer mentors (autism, ADHD, dyslexia)","https://www.bellevuecollege.edu/autismspectrumnavigators/",high,"Community college; low budget; possible pilot or co-design site."
University of Virginia,3,US,"Teaching Hub collection 'Supporting Neurodivergent Learners'","https://teaching.virginia.edu/collections/supporting-neurodivergent-learners",high,"Teaching-centre resource; faculty development buyer."
